date,region,hospital_flu_cases,gp_flu_cases,hospital_respiratory_cases,gp_respiratory_cases,flu_mentions,predicted_demand,interpretation
2025-04-23,Deira,72,33,35,22,13,222.47,"### Predicted Demand Analysis for FluVax: 222 Units

1. **Rationale for Prediction**: 
   The predicted demand of 222 units of FluVax is derived from total flu-related cases documented in hospitals and GP settings (105 cases) combined with social media mentions (13). This suggests a rising awareness and potential demand influenced by both clinical indicators and public discourse, justifying the expected demand based on significant flu activity.

2. **Most Influential Factors**:
   - **Hospital Flu Cases (72)**: Direct correlation with vaccine demand as hospital admissions reflect severe flu cases.
   - **GP Flu Cases (33)**: Indicates primary care visits for flu symptoms, influencing demand at the community level.
   - **Social Media Mentions (13)**: Reflects public concern and awareness, likely motivating individuals to seek vaccination.

3. **Recommendations for the Logistics Team**:
   - **Inventory Management**: Ensure sufficient stock levels to meet predicted demand while allowing for variability in case numbers.
   - **Distribution Efficiency**: Enhance supply chain operations to rapidly deploy FluVax to areas with higher flu case reports.
   - **Engagement Strategy**: Collaborate with healthcare providers to boost educational outreach about flu vaccination importance.

4. **Potential Risks or Uncertainties**:
   - **Demand Fluctuations**: External factors (e.g., atypical flu season severity) may alter actual demand versus predictions.
   - **Storage and Handling Challenges**: Considerations for vaccine stability and cold chain logistics, particularly if demand surpasses expectations.
   - **Public Sentiment Variance**: Changes in public perception or misinformation can lead to sudden shifts in vaccination rates. 

Prioritizing these aspects will allow for a proactive approach to managing FluVax supply and demand effectively."
